Country,Country Code,Time,Time Code,"GDP,constant 2010 US$,millions,seas. adj., [NYGDPMKTPSAKD]","GDP,current US$,millions,seas. adj., [NYGDPMKTPSACD]","Imports Merchandise, Customs, constant US$, millions, seas. adj. [DMGSRMRCHSAKD]","Imports Merchandise, Customs, constant US$, millions, not seas. adj. [DMGSRMRCHNSKD]","Imports Merchandise, Customs, current US$, millions, not seas. adj. [DMGSRMRCHNSCD]","Imports Merchandise, Customs, current US$, millions, seas. adj. [DMGSRMRCHSACD]","Imports Merchandise, Customs, Price, US$, not seas. adj. [DMGSRMRCHNSXD]","Imports Merchandise, Customs, Price, US$, seas. adj. [DMGSRMRCHSAXD]","Official exchange rate, LCU per USD, period average,, [DPANUSLCU]","GDP,constant 2010 LCU,millions,seas. adj., [NYGDPMKTPSAKN]","GDP,current LCU,millions,seas. adj., [NYGDPMKTPSACN]","Stock Markets, LCU,,, [DSTKMKTXN]","Stock Markets, US$,,, [DSTKMKTXD]","Core CPI,not seas.adj,,, [CORENS]","Core CPI,seas.adj,,, [CORESA]","CPI Price, % y-o-y, median weighted, seas. adj., [CPTOTSAXMZGY]","CPI Price, % y-o-y, not seas. adj.,, [CPTOTSAXNZGY]","CPI Price, seas. adj.,,, [CPTOTSAXN]","CPI Price,not seas.adj,,, [CPTOTNSXN]","Exchange rate, new LCU per USD extended backward, period average,, [DPANUSSPB]","Exchange rate, old LCU per USD extended forward, period average,, [DPANUSSPF]","Exports Merchandise, Customs, constant US$, millions, not seas. adj. [DXGSRMRCHNSKD]","Exports Merchandise, Customs, constant US$, millions, seas. adj. [DXGSRMRCHSAKD]","Exports Merchandise, Customs, current US$, millions, not seas. adj. [DXGSRMRCHNSCD]","Exports Merchandise, Customs, current US$, millions, seas. adj. [DXGSRMRCHSACD]","Exports Merchandise, Customs, Price, US$, not seas. adj. [DXGSRMRCHNSXD]","Exports Merchandise, Customs, Price, US$, seas. adj. [DXGSRMRCHSAXD]","Industrial Production, constant US$, seas. adj.,, [IPTOTSAKD]","Industrial Production, constant US$,,, [IPTOTNSKD]","Months Import Cover of Foreign Reserves,,,, [IMPCOV]","Nominal Effective Exchange Rate,,,, [NEER]","Real Effective Exchange Rate,,,, [REER]","Retail Sales Volume,Index,,, [RETSALESSA]","Terms of Trade,,,, [TOT]","Total Reserves,,,, [TOTRESV]","Unemployment rate,Percent,,, [UNEMPSA_]"
Austria,AUT,2025Q1,2025Q1,..,..,..,..,..,..,..,..,..,..,..,..,..,..,..,..,..,..,..,..,..,..,..,..,..,..,..,..,..,..,..,..,..,..,..,..
Austria,AUT,2025M03,2025M03,..,..,..,..,..,..,..,..,12.75884615,..,..,162.1761726,122.3980781,..,..,..,..,..,..,0.9271290698,12.75884615,..,..,..,..,..,..,..,..,..,..,..,..,..,..,..
Austria,AUT,2024Q4,2024Q4,117086.4981,129068.0912,..,..,..,..,0.8777414714,0.8726307982,..,93602,121044,..,..,..,..,..,..,..,..,..,..,..,..,..,..,..,..,..,..,..,..,..,..,..,..,..
Austria,AUT,2024Q3,2024Q3,117538.0721,132940.015,58920.60951,56257.58569,50528.16007,52162.78425,0.8982096345,0.885317897,..,93963,120991,..,..,..,..,..,..,..,..,..,..,..,..,51191.4,53596.46306,..,..,..,..,..,..,..,..,..,..,..
Austria,AUT,2024Q2,2024Q2,117865.8072,129437.3455,57856.19571,58041.57472,51164.18417,50441.97137,0.8815318796,0.8718749325,..,94225,120241,..,..,..,..,..,..,..,..,..,..,..,..,51500.9,51009.1116,..,..,..,..,..,..,..,..,..,..,..
Austria,AUT,2024Q1,2024Q1,118367.4171,129766.1004,57400.42756,57673.84986,51164.73796,50060.97856,0.8871539119,0.8721130969,..,94626,119470,..,..,..,..,..,..,..,..,..,..,..,..,53686.9,51960.61548,..,..,..,..,..,..,..,..,..,..,..
Austria,AUT,2025M01,2025M01,..,..,..,..,..,..,..,..,13.29682609,..,..,143.8041078,104.3215497,..,..,..,3.094462541,152.8985507,153.5844471,0.9663879698,13.29682609,..,..,..,..,..,..,12160748640,..,..,..,..,..,..,12498.77189,7.122195682
Austria,AUT,2025M02,2025M02,..,..,..,..,..,..,..,..,13.2178,..,..,154.1407478,112.5276334,..,..,..,3.330625508,153.6231884,154.5565006,0.9604865469,13.2178,..,..,..,..,..,..,..,..,..,..,..,..,..,..,7.190720312
Austria,AUT,2025,2025,..,..,..,..,..,..,..,..,13.09115741,..,..,153.373676,113.0824204,..,..,..,2.483343428,153.2608696,154.0704739,0.9513345288,13.09115741,..,..,..,..,..,..,..,..,..,..,..,..,..,..,7.156457997
Belgium,BEL,2025Q1,2025Q1,..,..,..,..,..,..,..,..,..,..,..,..,..,..,..,..,..,..,..,..,..,..,..,..,..,..,..,..,..,..,..,..,..,..,..,..
Belgium,BEL,2025M03,2025M03,..,..,..,..,..,..,..,..,37.40423077,..,..,175.384659,132.2862282,..,..,..,..,..,..,0.9271290698,37.40423077,..,..,..,..,..,..,..,..,..,..,..,..,..,..,..
Belgium,BEL,2024Q4,2024Q4,152364.5032,165741.0271,..,..,126914.5663,124294.5181,1.364513763,1.238213458,..,131701,155437,..,..,..,..,..,..,..,..,..,..,..,..,136089.3,134632.3788,1.555313696,1.324549675,..,..,..,..,..,..,..,..,..
Belgium,BEL,2024Q3,2024Q3,152086.8479,169785.8173,103782.2954,98070.37771,129468.612,133615.5555,1.32032043,1.28756592,..,131461,154525,..,..,..,..,..,..,..,..,..,..,96043.0718,105257.5973,140377.8,143023.2061,1.46156724,1.358412018,..,..,..,..,..,..,..,..,..
Belgium,BEL,2024Q2,2024Q2,151622.9322,164693.2275,101988.7042,96973.23262,132817.8611,133267.6031,1.369379808,1.306462159,..,131060,152992,..,..,..,..,..,..,..,..,..,..,92592.68799,100758.0885,136491.5,136670.2744,1.474179931,1.356159277,..,..,..,..,..,..,..,..,..
Belgium,BEL,2024Q1,2024Q1,151205.2923,164591.2507,99329.14384,95811.55002,131036.7858,129404.3715,1.367509298,1.303686853,..,130699,151532,..,..,..,..,..,..,..,..,..,..,90404.02571,99279.07598,138402.9,137288.4467,1.530824053,1.384059633,..,..,..,..,..,..,..,..,..
Belgium,BEL,2025M01,2025M01,..,..,..,..,..,..,..,..,38.981,..,..,169.5337325,122.9343896,142.1945193,140.7557948,..,4.09185482,147.3224997,147.9025563,0.9663879698,38.981,..,..,..,..,..,..,11062319135,11664882944,..,..,..,79.93919239,..,23191.04576,5.841832975
Belgium,BEL,2025M02,2025M02,..,..,..,..,..,..,..,..,38.74925,..,..,173.77206,126.795727,..,..,..,3.552289083,147.5188134,148.1975093,0.9604865469,38.74925,..,..,..,..,..,..,..,..,..,..,..,..,..,..,..
Belgium,BEL,2025,2025,..,..,..,..,..,..,..,..,38.37816026,..,..,172.8968172,127.3387816,142.1945193,140.7557948,..,2.369201641,147.4206566,148.0500328,0.9513345288,38.37816026,..,..,..,..,..,..,..,..,..,..,..,..,..,..,..
Bulgaria,BGR,2025Q1,2025Q1,..,..,..,..,..,..,..,..,..,..,..,..,..,..,..,..,..,..,..,..,..,..,..,..,..,..,..,..,..,..,..,..,..,..,..,..
Bulgaria,BGR,2025M03,2025M03,..,..,..,..,..,..,..,..,1.813423077,..,..,208.1476691,157.5897877,..,..,..,..,..,..,1.813423077,1.813423077,..,..,..,..,..,..,..,..,..,..,..,..,..,..,..
Bulgaria,BGR,2024Q4,2024Q4,17657.50714,28272.25745,..,..,14107.98435,13735.20869,..,..,..,35892.1951,51859.12169,..,..,..,..,..,..,..,..,..,..,..,..,11222.4,11299.77965,..,..,..,..,..,..,..,..,..,..,..
Bulgaria,BGR,2024Q3,2024Q3,17491.91499,28533.00231,..,10012.53458,13534.42367,13617.77485,1.40945591,..,..,35555.598,50795.03869,..,..,..,..,..,..,..,..,..,..,..,..,12071.8,12066.6221,..,..,..,..,..,..,..,..,..,..,..
Bulgaria,BGR,2024Q2,2024Q2,17350.40357,27767.21628,..,16591.12728,13377.04502,13564.52253,0.8122683907,..,..,35267.9495,50455.57822,..,..,..,..,..,..,..,..,..,..,..,..,11913.7,11756.40945,..,..,..,..,..,..,..,..,..,..,..
Bulgaria,BGR,2024Q1,2024Q1,17216.37762,27423.89365,..,13193.21778,12845.94136,12939.60049,0.9834810175,..,..,34995.5166,49387.92476,..,..,..,..,..,..,..,..,..,..,..,..,11299.3,11361.82838,..,..,..,..,..,..,..,..,..,..,..
Bulgaria,BGR,2025M01,2025M01,..,..,..,..,..,..,..,..,1.889608696,..,..,206.1405617,149.5441357,..,..,..,3.737184597,163.4427643,163.2413448,1.889608696,1.889608696,..,..,..,..,..,..,1219417349,1291306721,..,..,..,..,..,41571.61,5.36
Bulgaria,BGR,2025M02,2025M02,..,..,..,..,..,..,..,..,1.8775,..,..,207.3886622,151.4287553,..,..,..,4.032814415,163.8273203,164.1840697,1.8775,1.8775,..,..,..,..,..,..,..,..,..,..,..,..,..,40407.32,..
Bulgaria,BGR,2025,2025,..,..,..,..,..,..,..,..,1.860177258,..,..,207.225631,152.8542262,..,..,..,3.175155131,163.6350423,163.7127073,1.860177258,1.860177258,..,..,..,..,..,..,..,..,..,..,..,..,..,..,5.36
Switzerland,CHE,2025Q1,2025Q1,..,..,..,..,..,..,..,..,..,..,..,..,..,..,..,..,..,..,..,..,..,..,..,..,..,..,..,..,..,..,..,..,..,..,..,..
Switzerland,CHE,2025M03,2025M03,..,..,..,..,..,..,..,..,0.8850769231,..,..,198.1277335,231.1516419,..,..,..,..,..,..,0.8850769231,0.8850769231,..,..,..,..,..,..,..,..,..,..,..,..,..,..,..
Switzerland,CHE,2024Q4,2024Q4,188939.3066,236198.3094,..,..,..,..,..,..,..,196187.3,207352.3,..,..,..,..,..,..,..,..,..,..,..,..,84439.6,86433.33316,..,..,..,..,..,..,..,..,..,..,..
Switzerland,CHE,2024Q3,2024Q3,188578.1607,239160.0352,..,..,..,..,..,..,..,195812.3,206963.5,..,..,..,..,..,..,..,..,..,..,..,..,77815.6,79231.36199,..,..,..,..,..,..,..,..,..,..,..
Switzerland,CHE,2024Q2,2024Q2,187762.6451,227626.8279,..,..,..,..,..,..,..,194965.5,205844.5,..,..,..,..,..,..,..,..,..,..,..,..,81717.4,82330.56439,..,..,..,..,..,..,..,..,..,..,..
Switzerland,CHE,2024Q1,2024Q1,186744.6952,234056.1752,..,..,..,..,..,..,..,193908.5,204582.3,..,..,..,..,..,..,..,..,..,..,..,..,77435,74440.98836,..,..,..,..,..,..,..,..,..,..,..
Switzerland,CHE,2025M01,2025M01,..,..,..,..,..,..,..,..,0.9094782609,..,..,184.1697185,209.2892616,104.0832507,104.1283951,..,0.3993782874,105.525558,105.4911519,0.9094782609,0.9094782609,..,..,26879.8,26332.82061,..,..,..,..,..,..,..,135.0252915,..,825120.9541,2.671072719
Switzerland,CHE,2025M02,2025M02,..,..,..,..,..,..,..,..,0.9044,..,..,195.3468777,223.3404284,..,..,..,0.3024553134,105.6447615,106.0814508,0.9044,0.9044,..,..,..,..,..,..,..,..,..,..,..,..,..,..,2.712594331
Switzerland,CHE,2025,2025,..,..,..,..,..,..,..,..,0.899651728,..,..,192.5481099,221.260444,104.0832507,104.1283951,..,0.1250628676,105.5851597,105.7863014,0.899651728,0.899651728,..,..,..,..,..,..,..,..,..,..,..,..,..,..,2.691833525
Czech Republic,CZE,2025Q1,2025Q1,..,..,..,..,..,..,..,..,..,..,..,..,..,..,..,..,..,..,..,..,..,..,..,..,..,..,..,..,..,..,..,..,..,..,..,..
Czech Republic,CZE,2025M03,2025M03,..,..,..,..,..,..,..,..,23.19653846,..,..,170.6223662,134.4483027,..,..,..,..,..,..,23.19653846,23.19653846,..,..,..,..,..,..,..,..,..,..,..,..,..,..,..
Czech Republic,CZE,2024Q4,2024Q4,69313.54816,85938.7435,60249.73838,60876.47959,59990.16011,59041.73654,0.9845128803,0.9797502159,..,1588969,2034679,..,..,..,..,..,..,..,..,..,..,66118.14341,64796.09284,67234.85,66234.80321,1.015974191,1.021979607,..,..,..,..,..,..,..,..,..
Czech Republic,CZE,2024Q3,2024Q3,68851.55061,87921.56452,60093.17219,57072.74205,57496.38577,60090.78885,1.007338137,1.00006163,..,1578378,2015515,..,..,..,..,..,..,..,..,..,..,61773.70968,65616.41904,64251.27,68281.67946,1.03975024,1.040676911,..,..,..,..,..,..,..,..,..
Czech Republic,CZE,2024Q2,2024Q2,68447.43907,85996.3527,57130.33156,58583.96697,57762.70415,56903.57343,0.9861111797,0.9961658566,..,1569114,1994255,..,..,..,..,..,..,..,..,..,..,64545.54781,63287.58791,65812.39,65169.15439,1.019796043,1.029830387,..,..,..,..,..,..,..,..,..
Czech Republic,CZE,2024Q1,2024Q1,68271.68719,85037.45542,56669.9326,57809.95268,57193.72934,56679.82435,0.9893392117,1.000057776,..,1565085,1963360,..,..,..,..,..,..,..,..,..,..,64293.15818,61626.61343,65445.23,63584.35609,1.018006713,1.031845132,..,..,..,..,..,..,..,..,..
Czech Republic,CZE,2025M01,2025M01,..,..,..,..,..,..,..,..,24.3128913,..,..,154.7984786,116.5812757,144.3745618,140.4064506,..,2.749832327,166.3409338,166.4864865,24.3128913,24.3128913,..,..,..,..,..,..,7828058772,8291153787,..,..,..,148.2053143,..,146698.55,2.6
Czech Republic,CZE,2025M02,2025M02,..,..,..,..,..,..,..,..,24.0895,..,..,165.4044828,125.7435924,144.5446859,140.6543113,..,2.746148694,166.558089,166.8108108,24.0895,24.0895,..,..,..,..,..,..,..,..,..,..,..,..,..,148697.38,..
Czech Republic,CZE,2025,2025,..,..,..,..,..,..,..,..,23.86630992,..,..,163.6084425,125.5910569,144.4596239,140.5303809,..,1.232665639,166.4495114,166.6486486,23.86630992,23.86630992,..,..,..,..,..,..,..,..,..,..,..,..,..,..,..
Germany,DEU,2025Q1,2025Q1,..,..,..,..,..,..,0.9591666836,0.9556107254,..,..,..,..,..,..,..,..,..,..,..,..,..,..,..,..,..,0.97167214,0.9575014637,..,..,..,..,..,..,..,..,..
Germany,DEU,2025M03,2025M03,..,..,..,..,..,..,..,..,1.813538462,..,..,389.66782,293.8607447,..,..,..,..,..,..,0.9271290698,1.813538462,..,..,..,..,..,..,..,..,..,..,..,..,..,..,..
Germany,DEU,2024Q4,2024Q4,1055102.769,1160092.29,363514.7624,361741.9899,351981.484,352443.1993,0.9722546849,0.9692276636,..,900760,1087970,..,..,..,..,..,..,..,..,..,..,407161.5873,415760.5306,404111,406856.9403,0.9917329334,0.9782880827,..,..,..,..,..,..,..,..,..
Germany,DEU,2024Q3,2024Q3,1057222.908,1184495.742,371161.2942,363027.9432,360082.9601,366897.1438,0.9920129225,0.9886454617,..,902570,1078030,..,..,..,..,..,..,..,..,..,..,415504.9659,431782.3285,422269,432192.3563,1.01646368,1.001172937,..,..,..,..,..,..,..,..,..
Germany,DEU,2024Q2,2024Q2,1056110.128,1155905.497,365996.4462,362988.235,354712.6718,355446.0217,0.9773298653,0.9714258647,..,901620,1073780,..,..,..,..,..,..,..,..,..,..,427610.5461,437510.9127,425506,428489.9045,0.9951939099,0.9796418238,..,..,..,..,..,..,..,..,..
Germany,DEU,2024Q1,2024Q1,1059249.338,1160172.153,362371.2044,367145.1225,358434.3622,351686.5949,0.976249598,0.9706308424,..,904300,1068120,..,..,..,..,..,..,..,..,..,..,432732.4223,426222.5875,431750,418817.3995,0.9977414099,0.9826524195,..,..,..,..,..,..,..,..,..
Germany,DEU,2025M01,2025M01,..,..,..,..,..,..,0.9591666836,0.9556107254,1.889913043,..,..,354.9007603,257.3126606,133.9310792,134.6480387,..,2.372881356,137.7423033,137.8006873,0.9663879698,1.889913043,..,..,..,..,0.97167214,0.9575014637,77853495707,81961182724,..,..,..,96.85238373,1.013037834,106488.7522,3.545371032
Germany,DEU,2025M02,2025M02,..,..,..,..,..,..,..,..,1.87885,..,..,379.3500705,276.7448638,..,..,..,2.195945946,137.9703535,138.373425,0.9604865469,1.87885,..,..,..,..,..,..,..,..,..,..,..,..,..,..,..
Germany,DEU,2025,2025,..,..,..,..,..,..,0.9591666836,0.9556107254,1.860767168,..,..,374.6395503,275.9727564,133.9310792,134.6480387,..,1.319924576,137.8563284,138.0870561,0.9513345288,1.860767168,..,..,..,..,0.97167214,0.9575014637,..,..,..,..,..,..,..,..,..
Denmark,DNK,2025Q1,2025Q1,..,..,..,..,..,..,..,..,..,..,..,..,..,..,..,..,..,..,..,..,..,..,..,..,..,..,..,..,..,..,..,..,..,..,..,..
Denmark,DNK,2025M03,2025M03,..,..,..,..,..,..,..,..,6.916538462,..,..,477.4987268,359.198629,..,..,..,..,..,..,6.916538462,6.916538462,..,..,..,..,..,..,..,..,..,..,..,..,..,..,..
Denmark,DNK,2024Q4,2024Q4,113414.8515,109957.8958,..,..,..,..,0.9718307724,0.9547315901,..,688006,769160,..,..,..,..,..,..,..,..,..,..,..,..,..,..,1.035436309,1.017318037,..,..,..,..,..,..,..,..,..
Denmark,DNK,2024Q3,2024Q3,111634.5176,110232.2658,..,..,..,..,1.003864244,0.9870386922,..,677206,748567,..,..,..,..,..,..,..,..,..,..,..,..,..,..,1.040807151,1.029654598,..,..,..,..,..,..,..,..,..
Denmark,DNK,2024Q2,2024Q2,110185.6885,104340.5093,..,..,..,..,0.9872245116,0.9805877712,..,668417,723102,..,..,..,..,..,..,..,..,..,..,..,..,..,..,1.062016952,1.03366917,..,..,..,..,..,..,..,..,..
Denmark,DNK,2024Q1,2024Q1,108669.2726,103613.3157,33306.88811,33079.52084,32642,32783,0.9865885863,0.9841324392,..,659218,711320,..,..,..,..,..,..,..,..,..,..,32534.83103,33744.09928,35698,36158,1.097058366,1.071890357,..,..,..,..,..,..,..,..,..
Denmark,DNK,2025M01,2025M01,..,..,..,..,..,..,..,..,7.209195652,..,..,483.7705101,349.9974969,124.5425188,124.226254,..,1.52284264,130.0108342,130.5676856,7.209195652,7.209195652,..,..,..,..,..,..,8070341287,8617311643,..,..,..,78.9946462,..,103558.03,2.892796835
Denmark,DNK,2025M02,2025M02,..,..,..,..,..,..,..,..,7.16535,..,..,490.8333241,357.333298,..,..,..,2.030456853,130.6608884,131.8777293,7.16535,7.16535,..,..,..,..,..,..,..,..,..,..,..,..,..,..,..
Denmark,DNK,2025,2025,..,..,..,..,..,..,..,..,7.097028038,..,..,484.034187,355.509808,124.5425188,124.226254,..,1.248421939,130.3358613,131.2227074,7.097028038,7.097028038,..,..,..,..,..,..,..,..,..,..,..,..,..,..,..
Estonia,EST,2025Q1,2025Q1,..,..,..,..,..,..,1.168972994,1.164474896,..,..,..,..,..,..,..,..,..,..,..,..,..,..,..,..,..,1.13322397,1.134827545,..,..,..,..,..,..,..,..,..
Estonia,EST,2025M03,2025M03,..,..,..,..,..,..,..,..,14.50807692,..,..,389.2985717,294.0740494,..,..,..,..,..,..,0.9271290698,14.50807692,..,..,..,..,..,..,..,..,..,..,..,..,..,..,..
Estonia,EST,2024Q4,2024Q4,7063.17476,10801.52477,4915.716957,4898.536027,5813.907494,5763.49815,1.185897713,1.171881694,..,7268.7,10130,..,..,..,..,..,..,..,..,..,..,4229.64481,4233.205112,4874.934,4854.61184,1.151370882,1.145991803,..,..,..,..,..,..,..,..,..
Estonia,EST,2024Q3,2024Q3,7015.268736,10914.3081,4664.718779,4557.380017,5595.300697,5641.663528,1.227840854,1.209579633,..,7219.4,9933.3,..,..,..,..,..,..,..,..,..,..,4000.170227,4067.102062,4730.449,4762.67216,1.181942781,1.171005071,..,..,..,..,..,..,..,..,..
Estonia,EST,2024Q2,2024Q2,6999.235279,10547.69956,4673.346856,4777.684906,5679.281858,5516.969127,1.189491824,1.181099827,..,7202.9,9798.3,..,..,..,..,..,..,..,..,..,..,4185.78764,4107.999776,4766.585,4668.966433,1.139197057,1.136970848,..,..,..,..,..,..,..,..,..
Estonia,EST,2024Q1,2024Q1,6986.408514,10436.24881,4542.725864,4389.698633,5260.617753,5438.159018,1.199094464,1.197261951,..,7189.7,9608.2,..,..,..,..,..,..,..,..,..,..,3919.965434,3980.583737,4466.217,4546.48792,1.140251964,1.142758167,..,..,..,..,..,..,..,..,..
Estonia,EST,2025M01,2025M01,..,..,..,..,..,..,1.168972994,1.164474896,15.11943478,..,..,373.2881653,271.0929671,..,..,..,3.821078102,180.9147341,180.2922707,0.9663879698,15.11943478,..,..,..,..,1.13322397,1.134827545,659131814.1,696943983.4,..,..,..,..,0.9694184349,2076.598698,..
Estonia,EST,2025M02,2025M02,..,..,..,..,..,..,..,..,15.0296,..,..,392.6562885,286.7954691,..,..,..,5.32526475,183.4680253,182.815893,0.9604865469,15.0296,..,..,..,..,..,..,..,..,..,..,..,..,..,2107.681785,..
Estonia,EST,2025,2025,..,..,..,..,..,..,1.168972994,1.164474896,14.8857039,..,..,385.0810085,283.9874952,..,..,..,3.549160139,182.1913797,181.5540818,0.9513345288,14.8857039,..,..,..,..,1.13322397,1.134827545,..,..,..,..,..,..,..,..,..
Spain,ESP,2025Q1,2025Q1,..,..,..,..,..,..,..,..,..,..,..,..,..,..,..,..,..,..,..,..,..,..,..,..,..,..,..,..,..,..,..,..,..,..,..,..
Spain,ESP,2025M03,2025M03,..,..,..,..,..,..,..,..,154.277,..,..,105.5710674,79.59882367,..,..,..,..,..,..,0.9271290698,154.277,..,..,..,..,..,..,..,..,..,..,..,..,..,..,..
Spain,ESP,2024Q4,2024Q4,448045.0975,434467.6087,104984.8688,105211.4802,118333.8647,116162.2697,1.124330294,1.106140034,..,342971,407457,..,..,..,..,..,..,..,..,..,..,90715.97801,89741.99444,104247.24,102728.093,1.147556991,1.143900228,..,..,..,..,..,..,..,..,..
Spain,ESP,2024Q3,2024Q3,444689.0474,439307.1364,101825.4836,97417.07872,113116.6218,117315.6652,1.160920686,1.152355268,..,340402,399821,..,..,..,..,..,..,..,..,..,..,86507.93732,93157.57902,100743.64,107948.4482,1.164900015,1.159424033,..,..,..,..,..,..,..,..,..
Spain,ESP,2024Q2,2024Q2,441185.3781,424861.8506,101379.9015,104010.8542,117756.3173,116226.6662,1.131826273,1.1463617,..,337720,394676,..,..,..,..,..,..,..,..,..,..,95677.53179,92596.55646,109464.44,105259.4105,1.144057708,1.136834493,..,..,..,..,..,..,..,..,..
Spain,ESP,2024Q1,2024Q1,437459.6269,424894.6404,95722.01863,95172.71555,110284.8092,110118.014,1.158851636,1.150365465,..,334868,391182,..,..,..,..,..,..,..,..,..,..,89265.35173,89338.76209,101400.17,100626.238,1.13627627,1.126573502,..,..,..,..,..,..,..,..,..
Spain,ESP,2025M01,2025M01,..,..,..,..,..,..,..,..,160.7802391,..,..,95.86342366,69.4920407,126.1904762,125.7896968,..,2.932684736,135.5586537,135.4871283,0.9663879698,160.7802391,..,..,..,..,..,..,27607159890,29149564087,..,..,..,77.10746439,..,83002.16648,10.4
Spain,ESP,2025M02,2025M02,..,..,..,..,..,..,..,..,159.8251,..,..,103.7943036,75.71347762,..,..,..,2.939867536,135.9227552,136.0187098,0.9604865469,159.8251,..,..,..,..,..,..,..,..,..,..,..,..,..,..,..
Spain,ESP,2025,2025,..,..,..,..,..,..,..,..,158.294113,..,..,101.7429315,74.93478067,126.1904762,125.7896968,..,2.139760707,135.7407045,135.7529191,0.9513345288,158.294113,..,..,..,..,..,..,..,..,..,..,..,..,..,..,..
Finland,FIN,2025Q1,2025Q1,..,..,..,..,..,..,1.017921698,1.014587285,..,..,..,..,..,..,..,..,..,..,..,..,..,..,..,..,..,0.9995343572,1.005649629,..,..,..,..,..,..,..,..,..
Finland,FIN,2025M03,2025M03,..,..,..,..,..,..,..,..,5.513076923,..,..,159.2925179,120.2916639,..,..,..,..,..,..,0.9271290698,5.513076923,..,..,..,..,..,..,..,..,..,..,..,..,..,..,..
Finland,FIN,2024Q4,2024Q4,70217.08743,74225.56174,19252.16165,19343.94301,20091.1539,19821.39979,1.038034592,1.028993918,..,57157,69611,..,..,..,..,..,..,..,..,..,..,19397.38097,18691.80523,19818,19083.88771,1.021303928,1.020471743,..,..,..,..,..,..,..,..,..
Finland,FIN,2024Q3,2024Q3,70229.37237,76194.57877,20004.51524,19257.17692,20550.73557,21150.43913,1.067186984,1.057296964,..,57167,69346,..,..,..,..,..,..,..,..,..,..,19072.16144,19786.29743,20181,20732.22532,1.05829777,1.048101428,..,..,..,..,..,..,..,..,..
Finland,FIN,2024Q2,2024Q2,69839.93947,74072.7684,19239.37873,19029.17372,20292.89265,20329.57515,1.066254874,1.056377486,..,56850,68810,..,..,..,..,..,..,..,..,..,..,19875.61203,19818.30095,20804,20461.40153,1.046728871,1.032460536,..,..,..,..,..,..,..,..,..
Finland,FIN,2024Q1,2024Q1,69750.25933,74300.24356,18059.80022,18050.56078,19457.82981,19334.01463,1.078048381,1.07050982,..,56777,68405,..,..,..,..,..,..,..,..,..,..,16728.57619,17418.10285,17301,18038.8672,1.03436617,1.035462176,..,..,..,..,..,..,..,..,..
Finland,FIN,2025M01,2025M01,..,..,..,..,..,..,1.017921698,1.014587285,5.745434783,..,..,148.2343689,107.6287287,..,..,..,0.6963788301,134.9621171,135.1211454,0.9663879698,5.745434783,..,..,..,..,0.9995343572,1.005649629,6157250874,6524967071,..,..,..,87.64816563,0.9819363894,14802.88311,8.829210833
Finland,FIN,2025M02,2025M02,..,..,..,..,..,..,..,..,5.7113,..,..,155.626559,113.6821084,..,..,..,0.4332188982,134.9181948,135.5286344,0.9604865469,5.7113,..,..,..,..,..,..,..,..,..,..,..,..,..,..,..
Finland,FIN,2025,2025,..,..,..,..,..,..,1.017921698,1.014587285,5.656603902,..,..,154.384482,113.8675003,..,..,..,0.452988018,134.9401559,135.3248899,0.9513345288,5.656603902,..,..,..,..,0.9995343572,1.005649629,..,..,..,..,..,..,..,..,8.829210833
France,FRA,2025Q1,2025Q1,..,..,..,..,..,..,..,..,..,..,..,..,..,..,..,..,..,..,..,..,..,..,..,..,..,..,..,..,..,..,..,..,..,..,..,..
France,FRA,2025M03,2025M03,..,..,..,..,..,..,..,..,6.082153846,..,..,213.714902,161.1632329,..,..,..,..,..,..,0.9271290698,6.082153846,..,..,..,..,..,..,..,..,..,..,..,..,..,..,..
France,FRA,2024Q4,2024Q4,804533.7409,786721.0058,..,..,183182,179073.1296,1.567629977,1.587316374,..,650256,737811,..,..,..,..,..,..,..,..,..,..,..,..,177073.2957,173006.7013,1.41953885,1.437687765,..,..,..,..,..,..,..,..,..
France,FRA,2024Q3,2024Q3,805349.0932,807888.2202,117063.8223,111835.0873,178959,186616.1105,1.600148411,1.594590457,..,650915,735273,..,..,..,..,..,..,..,..,..,..,117131.3988,124230.9295,168971.0087,180241.3621,1.443819344,1.451499045,..,..,..,..,..,..,..,..,..
France,FRA,2024Q2,2024Q2,802074.0741,781429.4915,120050.0274,119578.4913,187800,185855.498,1.570546916,1.548296869,..,648268,725910,..,..,..,..,..,..,..,..,..,..,124598.0013,122965.4995,176051.9845,173863.2641,1.412954669,1.414120563,..,..,..,..,..,..,..,..,..
France,FRA,2024Q1,2024Q1,800001.6688,785576.4045,119043.0458,117132.6425,184876,183590.8353,1.578315953,1.542359186,..,646593,723246,..,..,..,..,..,..,..,..,..,..,125287.5504,122723.2356,177757.009,173286.3873,1.418779656,1.412337229,..,..,..,..,..,..,..,..,..
France,FRA,2025M01,2025M01,..,..,..,..,..,..,..,..,6.338543478,..,..,202.4965311,146.8197234,125.1820128,125.7021277,..,1.680107527,128.6701393,128.3684154,0.9663879698,6.338543478,..,..,..,..,..,..,29300587901,31366803483,..,..,..,..,..,86717.79709,..
France,FRA,2025M02,2025M02,..,..,..,..,..,..,..,..,6.30085,..,..,213.1270072,155.4786619,..,..,..,0.7867425511,128.0110556,128.3897852,0.9604865469,6.30085,..,..,..,..,..,..,..,..,..,..,..,..,..,..,..
France,FRA,2025,2025,..,..,..,..,..,..,..,..,6.240515775,..,..,209.7794801,154.4872061,125.1820128,125.7021277,..,0.7587717773,128.3405974,128.3791003,0.9513345288,6.240515775,..,..,..,..,..,..,..,..,..,..,..,..,..,..,..
United Kingdom,GBR,2025Q1,2025Q1,..,..,..,..,..,..,..,..,..,..,..,..,..,..,..,..,..,..,..,..,..,..,..,..,..,..,..,..,..,..,..,..,..,..,..,..
United Kingdom,GBR,2025M03,2025M03,..,..,..,..,..,..,..,..,0.7764078513,..,..,168.8737226,134.4060486,..,..,..,..,..,..,0.7764078513,0.7764078513,..,..,..,..,..,..,..,..,..,..,..,..,..,..,..
United Kingdom,GBR,2024Q4,2024Q4,769939.6692,928627.9958,175123.5471,..,..,181573,..,1.036684837,..,641065,724724,..,..,..,..,..,..,..,..,..,..,..,73929.14407,89600,83076.54364,..,1.123744037,..,..,..,..,..,..,..,..,..
United Kingdom,GBR,2024Q3,2024Q3,769161.4003,932054.6619,171906.8249,..,..,181636,..,1.056645095,..,640417,717089,..,..,..,..,..,..,..,..,..,..,..,79947.58747,89928,89917.40592,..,1.124989032,..,..,..,..,..,..,..,..,..
United Kingdom,GBR,2024Q2,2024Q2,769371.581,892790.456,179609.8965,..,..,190072,..,1.05823704,..,640592,707433,..,..,..,..,..,..,..,..,..,..,..,85889.50851,91221,94556.5613,..,1.10088492,..,..,..,..,..,..,..,..,..
United Kingdom,GBR,2024Q1,2024Q1,765933.0259,886377.6939,163774.5404,..,..,173281,..,1.058214853,..,637729,698800,..,..,..,..,..,..,..,..,..,..,..,88872.66189,93538,97882.42297,..,1.101404147,..,..,..,..,..,..,..,..,..
United Kingdom,GBR,2025M01,2025M01,..,..,..,..,..,..,..,..,0.8097580371,..,..,165.1763404,126.1604775,152.0814377,152.7608056,..,3.879102824,152.4214799,154.1683746,0.8097580371,0.8097580371,..,..,..,..,..,..,38580607171,39327217923,..,..,..,96.83789895,..,149175.8335,..
United Kingdom,GBR,2025M02,2025M02,..,..,..,..,..,..,..,..,0.7979286003,..,..,170.6020314,132.3170101,..,..,..,..,..,..,0.7979286003,0.7979286003,..,..,..,..,..,..,..,..,..,..,..,..,..,150579.8767,..
United Kingdom,GBR,2025,2025,..,..,..,..,..,..,..,..,0.7946981629,..,..,168.2173648,130.9611787,152.0814377,152.7608056,..,2.313445053,152.4214799,154.1683746,0.7946981629,0.7946981629,..,..,..,..,..,..,..,..,..,..,..,..,..,..,..
Greece,GRC,2025Q1,2025Q1,..,..,..,..,..,..,..,..,..,..,..,..,..,..,..,..,..,..,..,..,..,..,..,..,..,..,..,..,..,..,..,..,..,..,..,..
Greece,GRC,2025M03,2025M03,..,..,..,..,..,..,..,..,315.9504615,..,..,77.13998866,58.39192858,..,..,..,..,..,..,0.9271290698,315.9504615,..,..,..,..,..,..,..,..,..,..,..,..,..,..,..
Greece,GRC,2024Q4,2024Q4,72820.88171,64564.96802,..,..,22978.9,22174.74445,..,..,..,50874,60551,..,..,..,..,..,..,..,..,..,..,..,..,12889.7,12899.73482,..,..,..,..,..,..,..,..,..,..,..
Greece,GRC,2024Q3,2024Q3,72169.59616,65154.24296,..,..,22969.4,23182.58853,..,..,..,50419,59298,..,..,..,..,..,..,..,..,..,..,..,..,13686.7,13816.01342,..,..,..,..,..,..,..,..,..,..,..
Greece,GRC,2024Q2,2024Q2,71917.67032,63528.62124,..,..,23400.9,23459.85249,..,..,..,50243,59015,..,..,..,..,..,..,..,..,..,..,..,..,14009.3,13847.84856,..,..,..,..,..,..,..,..,..,..,..
Greece,GRC,2024Q1,2024Q1,71033.06709,62829.08104,..,..,22057.6,22653.07259,..,..,..,49625,57844,..,..,..,..,..,..,..,..,..,..,..,..,13390.8,13462.72635,..,..,..,..,..,..,..,..,..,..,..
Greece,GRC,2025M01,2025M01,..,..,..,..,..,..,..,..,329.2691957,..,..,71.21327744,51.65312305,114.670418,116.1695761,..,2.715315716,124.3809623,123.8260706,0.9663879698,329.2691957,..,..,..,..,..,..,..,..,..,..,..,..,..,5842.078369,8.46835688
Greece,GRC,2025M02,2025M02,..,..,..,..,..,..,..,..,327.3135,..,..,74.05325532,54.04175613,..,..,..,2.53455827,124.2917876,123.706069,0.9604865469,327.3135,..,..,..,..,..,..,..,..,..,..,..,..,..,..,..
Greece,GRC,2025,2025,..,..,..,..,..,..,..,..,324.1777191,..,..,74.13550714,54.69560258,114.670418,116.1695761,..,1.639962619,124.3363749,123.7660698,0.9513345288,324.1777191,..,..,..,..,..,..,..,..,..,..,..,..,..,..,..
Hungary,HUN,2025Q1,2025Q1,..,..,..,..,..,..,..,..,..,..,..,..,..,..,..,..,..,..,..,..,..,..,..,..,..,..,..,..,..,..,..,..,..,..,..,..
Hungary,HUN,2025M03,2025M03,..,..,..,..,..,..,..,..,370.0892308,..,..,394.7959563,200.8787022,..,..,..,..,..,..,370.0892308,370.0892308,..,..,..,..,..,..,..,..,..,..,..,..,..,..,..
Hungary,HUN,2024Q4,2024Q4,48739.13351,54049.01774,40656.95963,40781.67415,35729.0296,35250.74729,0.8756863769,0.8666571764,..,14434443,20663625.16,..,..,..,..,..,..,..,..,..,..,44775.95189,45308.51598,38215,38631.98301,0.8523920154,0.8521436374,..,..,..,..,..,..,..,..,..
Hungary,HUN,2024Q3,2024Q3,48500.38189,56749.77983,42068.67125,40709.31887,36840.15403,37721.06554,0.9049166567,0.8966683757,..,14363735,20358543.99,..,..,..,..,..,..,..,..,..,..,44097.07333,46142.73679,38550,40056.56775,0.8739837043,0.8682593483,..,..,..,..,..,..,..,..,..
Hungary,HUN,2024Q2,2024Q2,48800.98243,55766.16992,41414.27793,40504.21171,35387.40576,35896.2148,0.8736510743,0.8668448619,..,14452760,20284975.24,..,..,..,..,..,..,..,..,..,..,46508.87959,47052.83159,39560.2,39229.87653,0.8507262318,0.8341928714,..,..,..,..,..,..,..,..,..
Hungary,HUN,2024Q1,2024Q1,48891.19804,55261.85779,40201.85467,40189.2451,35529.19813,34697.93611,0.8840452442,0.8632855783,..,14479478,19749897.49,..,..,..,..,..,..,..,..,..,..,46758.076,45977.23893,39700.7,38237.72045,0.8492453785,0.831877706,..,..,..,..,..,..,..,..,..
Hungary,HUN,2025M01,2025M01,..,..,..,..,11428.77483,11364.10704,..,..,397.9913043,..,..,375.7414036,178.262289,193.6073059,193.8260341,..,5.530072669,192.8786737,193.4302435,397.9913043,397.9913043,..,..,12371.3,12534.37167,..,..,3941955519,4104353972,4.318559288,..,..,79.32816361,..,49076.57,..
Hungary,HUN,2025M02,2025M02,..,..,..,..,..,..,..,..,387.5375,..,..,392.8211452,191.4121466,194.8249619,194.9817518,..,5.582039059,194.0278824,194.8744572,387.5375,387.5375,..,..,..,..,..,..,..,..,..,..,..,..,..,48030.95,..
Hungary,HUN,2025,2025,..,..,..,..,..,..,..,..,385.2060117,..,..,387.7861684,190.1843792,194.2161339,194.4038929,..,3.397581667,193.4532781,194.1523504,385.2060117,385.2060117,..,..,..,..,..,..,..,..,..,..,..,..,..,..,..
Ireland,IRL,2025Q1,2025Q1,..,..,..,..,..,..,..,..,..,..,..,..,..,..,..,..,..,..,..,..,..,..,..,..,..,..,..,..,..,..,..,..,..,..,..,..
Ireland,IRL,2025M03,2025M03,..,..,..,..,..,..,..,..,0.730300134,..,..,358.2609353,270.2260617,..,..,..,..,..,..,0.9271290698,0.730300134,..,..,..,..,..,..,..,..,..,..,..,..,..,..,..
Ireland,IRL,2024Q4,2024Q4,136140.4306,149073.8373,43131.8188,44358.75293,37125.3697,35979.86707,0.8370501954,0.8341510337,..,130110,139806,..,..,..,..,..,..,..,..,..,..,82263.76997,86296.46159,61835,64420.31469,0.7506814414,0.7458985817,..,..,..,..,..,..,..,..,..
Ireland,IRL,2024Q3,2024Q3,131393.1465,148004.0082,45332.89318,43496.44896,36902.47611,38221.70333,0.8486194175,0.8431362643,..,125573,134701,..,..,..,..,..,..,..,..,..,..,82870.70343,82609.04168,63457,64179.22029,0.7646820298,0.7764161105,..,..,..,..,..,..,..,..,..
Ireland,IRL,2024Q2,2024Q2,126268.1305,138756.4555,41927.52095,43263.23997,35972.61805,34882.45792,0.8315824047,0.8321290278,..,120675,128898,..,..,..,..,..,..,..,..,..,..,78105.57461,75254.04829,58323,57734.42701,0.7468052381,0.7670776581,..,..,..,..,..,..,..,..,..
Ireland,IRL,2024Q1,2024Q1,126715.9677,138876.9906,42198.07107,41106.62822,34474.35068,35698.8525,0.8385500896,0.8460938346,..,121103,127858,..,..,..,..,..,..,..,..,..,..,78228.12827,72595.76113,58659,56122.64537,0.7504321125,0.7734579432,..,..,..,..,..,..,..,..,..
Ireland,IRL,2025M01,2025M01,..,..,..,..,..,..,..,..,0.760979924,..,..,322.514978,233.8747553,121.2058212,121.6049383,..,1.9,129.1508238,128.6445013,0.9663879698,0.760979924,..,..,..,..,..,..,16407621412,..,..,..,..,118.5370558,..,11002.41273,4
Ireland,IRL,2025M02,2025M02,..,..,..,..,..,..,..,..,0.7565022651,..,..,341.22104,248.9705273,..,..,..,1.896207585,129.4043093,129.7953964,0.9604865469,0.7565022651,..,..,..,..,..,..,..,..,..,..,..,..,..,..,3.9
Ireland,IRL,2025,2025,..,..,..,..,..,..,..,..,0.7492607744,..,..,340.6656511,251.0237814,121.2058212,121.6049383,..,1.332891796,129.2775665,129.2199488,0.9513345288,0.7492607744,..,..,..,..,..,..,..,..,..,..,..,..,..,..,3.95
Iceland,ISL,2025Q1,2025Q1,..,..,..,..,..,..,..,..,..,..,..,..,..,..,..,..,..,..,..,..,..,..,..,..,..,..,..,..,..,..,..,..,..,..,..,..
Iceland,ISL,2025M03,2025M03,..,..,..,..,..,..,..,..,135.3480769,..,..,335.6674274,311.647161,..,..,..,..,..,..,135.3480769,135.3480769,..,..,..,..,..,..,..,..,..,..,..,..,..,..,..
Iceland,ISL,2024Q4,2024Q4,4975.928357,8464.109034,..,..,2781.876145,2676.592754,..,..,..,763206,1166925,..,..,..,..,..,..,..,..,..,..,..,..,1868.9,1881.306206,..,..,..,..,..,..,..,..,..,..,..
Iceland,ISL,2024Q3,2024Q3,5048.708561,8532.932,..,..,2420.489473,2356.032121,..,..,..,774369,1173267,..,..,..,..,..,..,..,..,..,..,..,..,1746.9,1784.934726,..,..,..,..,..,..,..,..,..,..,..
Iceland,ISL,2024Q2,2024Q2,5119.806664,8309.114968,..,..,2503.069781,2515.589459,..,..,..,785274,1157025,..,..,..,..,..,..,..,..,..,..,..,..,1709.8,1691.682452,..,..,..,..,..,..,..,..,..,..,..
Iceland,ISL,2024Q1,2024Q1,5032.813359,8155.651824,..,..,2127.948704,2318.911133,..,..,..,771931,1119246,..,..,..,..,..,..,..,..,..,..,..,..,1622.2,1613.052091,..,..,..,..,..,..,..,..,..,..,..
Iceland,ISL,2025M01,2025M01,..,..,..,..,723.2002306,859.5821761,..,..,140.2806522,..,..,356.5471256,320.0269053,146.4922711,147.0657277,..,4.65814136,178.167243,178.085443,140.2806522,140.2806522,..,..,668.4,662.5697152,..,..,..,..,7.226380552,..,..,..,..,6211.66792,4.453425344
Iceland,ISL,2025M02,2025M02,..,..,..,..,..,..,..,..,140.373,..,..,358.9100246,322.0595352,..,..,..,4.150061839,178.693807,179.6677215,140.373,140.373,..,..,..,..,..,..,..,..,..,..,..,..,..,6238.98141,..
Iceland,ISL,2025,2025,..,..,..,..,..,..,..,..,138.667243,..,..,350.3748592,317.9112005,146.4922711,147.0657277,..,2.149150763,178.430525,178.8765823,138.667243,138.667243,..,..,..,..,..,..,..,..,..,..,..,..,..,..,4.453425344
Italy,ITA,2025Q1,2025Q1,..,..,..,..,..,..,..,..,..,..,..,..,..,..,..,..,..,..,..,..,..,..,..,..,..,..,..,..,..,..,..,..,..,..,..,..
Italy,ITA,2025M03,2025M03,..,..,..,..,..,..,..,..,1795.346923,..,..,166.0986928,125.2554025,..,..,..,..,..,..,0.9271290698,1795.346923,..,..,..,..,..,..,..,..,..,..,..,..,..,..,..
Italy,ITA,2024Q4,2024Q4,592069.2538,589181.0575,122847.446,122996.6368,155390.8496,153635.6828,1.26281592,1.250631394,..,483534,552552,..,..,..,..,..,..,..,..,..,..,120521.8952,115314.4,171369,165992,1.421206708,1.439514018,..,..,..,..,..,..,..,..,..
Italy,ITA,2024Q3,2024Q3,591268.4553,601904.8688,123011.9132,116018.7056,149741.7844,156724.8149,1.29107167,1.274296053,..,482880,547804,..,..,..,..,..,..,..,..,..,..,110971.5937,116056.3103,161495,169768,1.456029352,1.462702087,..,..,..,..,..,..,..,..,..
Italy,ITA,2024Q2,2024Q2,591196.212,586591.5215,119917.2621,122929.8672,155435.2151,152778.3032,1.264363369,1.274052165,..,482821,544915,..,..,..,..,..,..,..,..,..,..,122957.9464,119009.8807,173063,167230,1.407388875,1.405199445,..,..,..,..,..,..,..,..,..
Italy,ITA,2024Q1,2024Q1,590749.2832,590693.7249,119627.1477,122059.7892,154608.791,152087.9213,1.267030317,1.271552016,..,482456,543826,..,..,..,..,..,..,..,..,..,..,118797.3672,119687.0274,168363,168968,1.41744827,1.411849677,..,..,..,..,..,..,..,..,..
Italy,ITA,2025M01,2025M01,..,..,..,..,..,..,..,..,1871.035652,..,..,153.9469765,111.6049413,124.6710526,124.5954693,..,1.501251043,131.8526544,132.2125813,0.9663879698,1871.035652,..,..,..,..,..,..,35951504369,38451303413,..,..,..,69.345464,..,90985.78608,6.429837848
Italy,ITA,2025M02,2025M02,..,..,..,..,..,..,..,..,1859.9165,..,..,163.7539988,119.460434,..,..,..,1.583333333,132.0693391,132.4295011,0.9604865469,1859.9165,..,..,..,..,..,..,..,..,..,..,..,..,..,91726.32412,..
Italy,ITA,2025,2025,..,..,..,..,..,..,..,..,1842.099692,..,..,161.266556,118.7735926,124.6710526,124.5954693,..,0.8347706106,131.9609967,132.3210412,0.9513345288,1842.099692,..,..,..,..,..,..,..,..,..,..,..,..,..,..,..
Lithuania,LTU,2025Q1,2025Q1,..,..,..,..,..,..,..,..,..,..,..,..,..,..,..,..,..,..,..,..,..,..,..,..,..,..,..,..,..,..,..,..,..,..,..,..
Lithuania,LTU,2025M03,2025M03,..,..,..,..,..,..,..,..,3.201461538,..,..,398.3643232,300.5073385,..,..,..,..,..,..,0.9271290698,3.201461538,..,..,..,..,..,..,..,..,..,..,..,..,..,..,..
Lithuania,LTU,2024Q4,2024Q4,15702.03094,21174.06905,..,..,11212.78846,10790.18523,..,..,..,15171.512,19857.689,..,..,..,..,..,..,..,..,..,..,..,..,9528.5,9277.583949,..,..,..,..,..,..,..,..,..,..,..
Lithuania,LTU,2024Q3,2024Q3,15571.6291,21652.94322,..,..,11679.3074,11472.69862,..,..,..,15045.516,19706.717,..,..,..,..,..,..,..,..,..,..,..,..,10405.5,10115.77083,..,..,..,..,..,..,..,..,..,..,..
Lithuania,LTU,2024Q2,2024Q2,15398.29368,20863.29978,..,..,11127.39363,11362.86056,..,..,..,14878.037,19380.991,..,..,..,..,..,..,..,..,..,..,..,..,9932.7,10167.07216,..,..,..,..,..,..,..,..,..,..,..
Lithuania,LTU,2024Q1,2024Q1,15335.80024,20634.90304,..,..,10727.77448,11180.52003,..,..,..,14817.655,18997.657,..,..,..,..,..,..,..,..,..,..,..,..,9839.3,10177.50537,..,..,..,..,..,..,..,..,..,..,..
Lithuania,LTU,2025M01,2025M01,..,..,..,..,..,..,..,..,3.336608696,..,..,389.0583878,282.3292319,169.6575639,170.0475779,..,3.613434679,171.7133069,171.1133205,0.9663879698,3.336608696,..,..,..,..,..,..,1612050113,1529628910,..,..,..,..,..,5780.7,8.8
Lithuania,LTU,2025M02,2025M02,..,..,..,..,..,..,..,..,3.31675,..,..,408.4682685,298.2693133,170.697876,171.2370242,..,3.426717016,172.2380771,172.0972281,0.9604865469,3.31675,..,..,..,..,..,..,..,..,..,..,..,..,..,5788.4,8.6
Lithuania,LTU,2025,2025,..,..,..,..,..,..,..,..,3.284940078,..,..,398.6303265,293.7019612,170.17772,170.642301,..,3.147704496,171.975692,171.6052743,0.9513345288,3.284940078,..,..,..,..,..,..,..,..,..,..,..,..,..,..,8.7
Luxembourg,LUX,2025Q1,2025Q1,..,..,..,..,..,..,..,..,..,..,..,..,..,..,..,..,..,..,..,..,..,..,..,..,..,..,..,..,..,..,..,..,..,..,..,..
Luxembourg,LUX,2025M03,2025M03,..,..,..,..,..,..,..,..,37.40392308,..,..,70.94151242,53.49750851,..,..,..,..,..,..,0.9271290698,37.40392308,..,..,..,..,..,..,..,..,..,..,..,..,..,..,..
Luxembourg,LUX,2024Q4,2024Q4,..,..,..,..,6420.040519,6359.189142,..,..,..,..,..,..,..,..,..,..,..,..,..,..,..,..,..,3855.1,3951.1,..,..,..,..,..,..,..,..,..,..,..
Luxembourg,LUX,2024Q3,2024Q3,18958.92061,22849.03418,..,..,6275.280577,6560.934645,..,..,..,16064.8,20795.3,..,..,..,..,..,..,..,..,..,..,..,..,3864.3,3923.9,..,..,..,..,..,..,..,..,..,..,..
Luxembourg,LUX,2024Q2,2024Q2,18923.39801,22330.44762,..,..,6360.933375,6313.65213,..,..,..,16034.7,20743.9,..,..,..,..,..,..,..,..,..,..,..,..,4167,4070.5,..,..,..,..,..,..,..,..,..,..,..
Luxembourg,LUX,2024Q1,2024Q1,18816.35814,22037.75311,..,..,6425.019917,6266.294509,..,..,..,15944,20289.2,..,..,..,..,..,..,..,..,..,..,..,..,4064.5,4008.4,..,..,..,..,..,..,..,..,..,..,..
Luxembourg,LUX,2025M01,2025M01,..,..,..,..,..,..,..,..,38.98095652,..,..,58.98976499,42.76035535,136.6651573,136.9044956,..,1.957572283,137.4558304,137.3436104,0.9663879698,38.98095652,..,..,..,..,..,..,..,..,..,..,..,..,..,2628.239166,5.82466578
Luxembourg,LUX,2025M02,2025M02,..,..,..,..,..,..,..,..,38.74925,..,..,66.21051098,48.29456245,..,..,..,1.709891189,137.2791519,138.9745308,0.9604865469,38.74925,..,..,..,..,..,..,..,..,..,..,..,..,..,..,..
Luxembourg,LUX,2025,2025,..,..,..,..,..,..,..,..,38.3780432,..,..,65.38059613,48.1841421,136.6651573,136.9044956,..,1.432337673,137.3674912,138.1590706,0.9513345288,38.3780432,..,..,..,..,..,..,..,..,..,..,..,..,..,..,5.82466578
Latvia,LVA,2025Q1,2025Q1,..,..,..,..,..,..,..,..,..,..,..,..,..,..,..,..,..,..,..,..,..,..,..,..,..,..,..,..,..,..,..,..,..,..,..,..
Latvia,LVA,2025M03,2025M03,..,..,..,..,..,..,..,..,0.6515384615,..,..,281.427279,212.3673337,..,..,..,..,..,..,0.9271290698,0.6515384615,..,..,..,..,..,..,..,..,..,..,..,..,..,..,..
Latvia,LVA,2024Q4,2024Q4,8627.735492,11173.44696,..,..,5925.541382,5853.333039,..,..,..,8148,10478.8,..,..,..,..,..,..,..,..,..,..,..,..,5073.85,4882.022727,..,..,..,..,..,..,..,..,..,..,..
Latvia,LVA,2024Q3,2024Q3,8623.923533,10931.11912,..,..,6119.088673,5879.72726,..,..,..,8144.4,9948.6,..,..,..,..,..,..,..,..,..,..,..,..,5040.36,5040.3234,..,..,..,..,..,..,..,..,..,..,..
Latvia,LVA,2024Q2,2024Q2,8638.74782,10743.94234,..,..,5849.449788,5788.708508,..,..,..,8158.4,9980.6,..,..,..,..,..,..,..,..,..,..,..,..,4859.39,5048.923042,..,..,..,..,..,..,..,..,..,..,..
Latvia,LVA,2024Q1,2024Q1,8642.242117,10591.57276,..,..,5567.876823,5973.928098,..,..,..,8161.7,9751.2,..,..,..,..,..,..,..,..,..,..,..,..,5242.27,5282.858484,..,..,..,..,..,..,..,..,..,..,..
Latvia,LVA,2025M01,2025M01,..,..,..,..,..,..,..,..,0.6791521739,..,..,277.420096,201.2242844,141.1087866,..,..,2.908587258,161.8736383,160.7843137,0.9663879698,0.6791521739,..,..,..,..,..,..,587568056.8,517322930.6,..,..,..,160.7453944,..,..,7.057969178
Latvia,LVA,2025M02,2025M02,..,..,..,..,..,..,..,..,0.6751,..,..,277.2608291,202.3608563,141.7364017,..,..,3.667820069,163.1808279,161.9825708,0.9604865469,0.6751,..,..,..,..,..,..,..,..,..,..,..,..,..,..,..
Latvia,LVA,2025,2025,..,..,..,..,..,..,..,..,0.6685968785,..,..,278.7027347,205.3174915,141.4225941,..,..,2.490125365,162.5272331,161.3834423,0.9513345288,0.6685968785,..,..,..,..,..,..,..,..,..,..,..,..,..,..,7.057969178
Netherlands,NLD,2025Q1,2025Q1,..,..,..,..,..,..,..,..,..,..,..,..,..,..,..,..,..,..,..,..,..,..,..,..,..,..,..,..,..,..,..,..,..,..,..,..
Netherlands,NLD,2025M03,2025M03,..,..,..,..,..,..,..,..,2.043461538,..,..,270.200498,203.7724654,..,..,..,..,..,..,0.9271290698,2.043461538,..,..,..,..,..,..,..,..,..,..,..,..,..,..,..
Netherlands,NLD,2024Q4,2024Q4,277514.4309,308667.6985,184724.1506,185900.7177,183518.9309,182958.6894,0.9870168503,0.990491995,..,238634,289478,..,..,..,..,..,..,..,..,..,..,211743.0134,216487.7596,219640.984,219923.3541,1.036920992,1.015523272,..,..,..,..,..,..,..,..,..
Netherlands,NLD,2024Q3,2024Q3,276389.8784,313237.6648,185436.0961,184903.0089,186583.5897,188028.8623,1.010066513,1.014117926,..,237667,285083,..,..,..,..,..,..,..,..,..,..,211651.182,215883.2031,222843.472,225574.865,1.053030859,1.044966481,..,..,..,..,..,..,..,..,..
Netherlands,NLD,2024Q2,2024Q2,274229.1561,302678.9214,187167.2662,185633.7337,185805.9508,185515.4585,1.001719154,0.9912611408,..,235809,281174,..,..,..,..,..,..,..,..,..,..,218646.4119,222099.6217,226759.365,225591.3087,1.037256581,1.015811074,..,..,..,..,..,..,..,..,..
Netherlands,NLD,2024Q1,2024Q1,271368.3504,300908.1116,185674.9513,189882.3974,183362.7267,183013.3804,0.9657150932,0.9857026003,..,233349,277033,..,..,..,..,..,..,..,..,..,..,218156.7544,220937.4755,225659.411,224059.5497,1.034292546,1.014236932,..,..,..,..,..,..,..,..,..
Netherlands,NLD,2025M01,2025M01,..,..,..,..,..,..,..,..,2.129565217,..,..,268.0976262,194.3871563,139.0116602,139.4656154,..,3.364748033,146.0437988,145.8634092,0.9663879698,2.129565217,..,..,..,..,..,..,13358701285,13330626013,..,..,..,..,..,29581.15002,3.835383853
Netherlands,NLD,2025M02,2025M02,..,..,..,..,..,..,..,..,2.1169,..,..,277.8563615,202.7175634,..,..,..,3.835680386,146.8691537,147.4736258,0.9604865469,2.1169,..,..,..,..,..,..,..,..,..,..,..,..,..,29608.94984,..
Netherlands,NLD,2025,2025,..,..,..,..,..,..,..,..,2.096642252,..,..,272.0514952,200.292395,139.0116602,139.4656154,..,2.135415667,146.4564763,146.6685175,0.9513345288,2.096642252,..,..,..,..,..,..,..,..,..,..,..,..,..,..,3.835383853
Norway,NOR,2025Q1,2025Q1,..,..,..,..,..,..,..,..,..,..,..,..,..,..,..,..,..,..,..,..,..,..,..,..,..,..,..,..,..,..,..,..,..,..,..,..
Norway,NOR,2025M03,2025M03,..,..,..,..,..,..,..,..,10.81969231,..,..,418.5947415,221.0168223,..,..,..,..,..,..,10.81969231,10.81969231,..,..,..,..,..,..,..,..,..,..,..,..,..,..,..
Norway,NOR,2024Q4,2024Q4,134506.9371,118408.2085,23266.00155,23794.06969,25354.34855,24810.83586,1.066096247,1.066437754,..,1452129,1306629,..,..,..,..,..,..,..,..,..,..,37900.89082,..,44941,40731.50374,1.185946084,..,..,..,..,..,..,..,..,..,..
Norway,NOR,2024Q3,2024Q3,135353.9221,120576.2394,23947.14153,23645.63889,24957.14091,25504.25987,1.055471055,1.065031073,..,1461273,1290872,..,..,..,..,..,..,..,..,..,..,35466.10036,..,40435,41060.08488,1.140439997,..,..,..,..,..,..,..,..,..,..
Norway,NOR,2024Q2,2024Q2,137557.1574,122929.5863,23838.52997,23975.68226,25568.0576,25381.45982,1.066326906,1.064539953,..,1485059,1321797,..,..,..,..,..,..,..,..,..,..,36918.2773,..,42073,45933.76845,1.139770457,..,..,..,..,..,..,..,..,..,..
Norway,NOR,2024Q1,2024Q1,135142.0832,121933.9036,21654.42424,21124.04619,22754.08293,23401.69885,1.077157976,1.080569533,..,1458986,1281629,..,..,..,..,..,..,..,..,..,..,36512.04577,..,40259,40396.86331,1.102365711,..,..,..,..,..,..,..,..,..,..
Norway,NOR,2025M01,2025M01,..,..,..,..,7284.389546,8117.228497,..,..,11.35345652,..,..,412.3585219,208.3372056,143.5784852,143.7295529,..,2.33785822,148.7938596,148.6248625,11.35345652,11.35345652,..,..,15663,14893.86539,..,..,11940901368,12212933944,10.41638251,..,..,33.03362975,..,84998.86417,..
Norway,NOR,2025M02,2025M02,..,..,..,..,..,..,..,..,11.19685,..,..,416.5282211,213.3508536,..,..,..,3.539156627,150.7675439,150.7150715,11.19685,11.19685,..,..,..,..,..,..,..,..,..,..,..,..,..,87330.16769,..
Norway,NOR,2025,2025,..,..,..,..,..,..,..,..,11.12333294,..,..,415.8271615,214.2349605,143.5784852,143.7295529,..,2.226379794,149.7807018,149.669967,11.12333294,11.12333294,..,..,..,..,..,..,..,..,..,..,..,..,..,..,..
Poland,POL,2025Q1,2025Q1,..,..,..,..,..,..,..,..,..,..,..,..,..,..,..,..,..,..,..,..,..,..,..,..,..,..,..,..,..,..,..,..,..,..,..,..
Poland,POL,2025M03,2025M03,..,..,..,..,..,..,..,..,3.875076923,..,..,108.0575679,79.36733648,..,..,..,..,..,..,3.875076923,3.875076923,..,..,..,..,..,..,..,..,..,..,..,..,..,..,..
Poland,POL,2024Q4,2024Q4,199471.291,230958.73,..,..,96432.24677,91399.62723,0.9207380623,0.916677104,..,692923.5,932668.0334,..,..,..,..,..,..,..,..,..,..,..,..,96252.2,95556.70856,0.8868751502,0.9019011367,..,..,..,..,..,..,..,..,..
Poland,POL,2024Q3,2024Q3,196911.4435,233484.5043,103538.1112,104032.8587,96500.4314,97429.76933,0.9277536961,0.9409620205,..,684031.1,910240.9955,..,..,..,..,..,..,..,..,..,..,102519.5454,103770.6999,93420,95827.62438,0.9115383521,0.9235453032,..,..,..,..,..,..,..,..,..
Poland,POL,2024Q2,2024Q2,196714.7137,223754.8734,105417.0028,103584.0771,93867.04222,95200.70812,0.9063690303,0.9035001934,..,683347.7,894358.5617,..,..,..,..,..,..,..,..,..,..,106529.6746,106817.4398,94581.7,95016.81986,0.8880545272,0.8896975978,..,..,..,..,..,..,..,..,..
Poland,POL,2024Q1,2024Q1,193998.7548,219606.7678,102312.854,100597.5684,92481.92885,93757.32242,0.919631741,0.9164793165,..,673913,875767.9195,..,..,..,..,..,..,..,..,..,..,107073.4224,103035.0508,96079.3,93860.94685,0.8974411321,0.9108395412,..,..,..,..,..,..,..,..,..
Poland,POL,2025M01,2025M01,..,..,..,..,..,..,..,..,4.105804348,..,..,94.88681286,65.94219773,153.6394249,154.1498696,..,5.4676127,171.7455122,171.6049383,4.105804348,4.105804348,..,..,..,..,..,..,22109781355,23642416717,..,..,..,..,..,225419.9,5.1
Poland,POL,2025M02,2025M02,..,..,..,..,..,..,..,..,4.01205,..,..,104.5185746,74.2910041,154.2535509,154.3072413,..,5.433130397,172.0858338,172.1247563,4.01205,4.01205,..,..,..,..,..,..,..,..,..,..,..,..,..,229181.9,5.2
Poland,POL,2025,2025,..,..,..,..,..,..,..,..,3.997643757,..,..,102.4876518,73.20017943,153.9464879,154.2285554,..,3.177280121,171.915673,171.8648473,3.997643757,3.997643757,..,..,..,..,..,..,..,..,..,..,..,..,..,..,5.15
Portugal,PRT,2025Q1,2025Q1,..,..,..,..,..,..,..,..,..,..,..,..,..,..,..,..,..,..,..,..,..,..,..,..,..,..,..,..,..,..,..,..,..,..,..,..
Portugal,PRT,2025M03,2025M03,..,..,..,..,..,..,..,..,185.8916154,..,..,80.04701649,60.35995441,..,..,..,..,..,..,0.9271290698,185.8916154,..,..,..,..,..,..,..,..,..,..,..,..,..,..,..
Portugal,PRT,2024Q4,2024Q4,72739.12549,77667.65474,..,..,29676.67176,29466.53044,..,..,..,61376.3,72839.1,..,..,..,..,..,..,..,..,..,..,..,..,21169,21567.41291,..,..,..,..,..,..,..,..,..,..,..
Portugal,PRT,2024Q3,2024Q3,71633.63271,78760.51192,..,..,29461.13951,30149.81074,..,..,..,60443.5,71681.3,..,..,..,..,..,..,..,..,..,..,..,..,21451,22266.96133,..,..,..,..,..,..,..,..,..,..,..
Portugal,PRT,2024Q2,2024Q2,71457.40332,75927.87089,..,..,29000.15466,28502.84683,..,..,..,60294.8,70533.3,..,..,..,..,..,..,..,..,..,..,..,..,21821,21002.38526,..,..,..,..,..,..,..,..,..,..,..
Portugal,PRT,2024Q1,2024Q1,71192.2889,75824.26478,..,..,27809.30657,27893.82018,..,..,..,60071.1,69808.1,..,..,..,..,..,..,..,..,..,..,..,..,21334,20933.11513,..,..,..,..,..,..,..,..,..,..,..
Portugal,PRT,2025M01,2025M01,..,..,..,..,..,..,..,..,193.7280652,..,..,76.56261501,55.49862629,124.4919786,126.3492063,..,2.549409426,132.0930933,131.8152752,0.9663879698,193.7280652,..,..,..,..,..,..,3579717778,3781856571,..,..,..,91.63561812,..,9458.091685,..
Portugal,PRT,2025M02,2025M02,..,..,..,..,..,..,..,..,192.5762,..,..,78.88291283,57.54031412,..,..,..,2.383686102,132.4062019,131.6711284,0.9604865469,192.5762,..,..,..,..,..,..,..,..,..,..,..,..,..,..,..
Portugal,PRT,2025,2025,..,..,..,..,..,..,..,..,190.7319602,..,..,78.49751478,57.79963161,124.4919786,126.3492063,..,1.472618785,132.2496476,131.7432018,0.9513345288,190.7319602,..,..,..,..,..,..,..,..,..,..,..,..,..,..,..
Romania,ROU,2025Q1,2025Q1,..,..,..,..,..,..,..,..,..,..,..,..,..,..,..,..,..,..,..,..,..,..,..,..,..,..,..,..,..,..,..,..,..,..,..,..
Romania,ROU,2025M03,2025M03,..,..,..,..,..,..,..,..,4.614769231,..,..,343.5951333,215.4283161,..,..,..,..,..,..,4.614769231,4.614769231,..,..,..,..,..,..,..,..,..,..,..,..,..,..,..
Romania,ROU,2024Q4,2024Q4,66379.77098,97262.31962,..,..,35606.2,34943.63266,..,..,..,305129.5,453833.1,..,..,..,..,..,..,..,..,..,..,..,..,25022.5,25407.65719,..,..,..,..,..,..,..,..,..,..,..
Romania,ROU,2024Q3,2024Q3,65857.26846,98189.91939,..,..,34491.6,34526.79676,..,..,..,302727.7,444604.3,..,..,..,..,..,..,..,..,..,..,..,..,25278.5,25319.41759,..,..,..,..,..,..,..,..,..,..,..
Romania,ROU,2024Q2,2024Q2,65786.58769,95170.33236,..,..,34133.8,34672.27116,..,..,..,302402.8,439862.8,..,..,..,..,..,..,..,..,..,..,..,..,25053.2,25368.0398,..,..,..,..,..,..,..,..,..,..,..
Romania,ROU,2024Q1,2024Q1,65691.65052,93415.97864,..,..,32190,32229.39412,..,..,..,301966.4,427767.4,..,..,..,..,..,..,..,..,..,..,..,..,24956.3,24279.02424,..,..,..,..,..,..,..,..,..,..,..
Romania,ROU,2025M01,2025M01,..,..,..,..,..,..,..,..,4.80773913,..,..,335.8291776,202.3341226,177.513487,177.9282093,..,4.951350107,187.5990532,187.142461,4.80773913,4.80773913,..,..,..,..,..,..,7901025956,7596912685,..,..,..,..,..,14520.30738,..
Romania,ROU,2025M02,2025M02,..,..,..,..,..,..,..,..,4.7806,..,..,343.9952484,208.6332158,178.4892513,178.7423831,..,5.017378181,189.0593805,188.7898364,4.7806,4.7806,..,..,..,..,..,..,..,..,..,..,..,..,..,15011.62197,..
Romania,ROU,2025,2025,..,..,..,..,..,..,..,..,4.734369454,..,..,341.1398531,208.7985515,178.0013691,178.3352962,..,3.336420259,188.3292168,187.9661487,4.734369454,4.734369454,..,..,..,..,..,..,..,..,..,..,..,..,..,..,..
Sweden,SWE,2025Q1,2025Q1,..,..,..,..,..,..,..,..,..,..,..,..,..,..,..,..,..,..,..,..,..,..,..,..,..,0.9601368265,0.975632842,..,..,..,..,..,..,..,..,..
Sweden,SWE,2025M03,2025M03,..,..,..,..,..,..,..,..,10.20546154,..,..,331.1866177,231.495499,..,..,..,..,..,..,10.20546154,10.20546154,..,..,..,..,..,..,..,..,..,..,..,..,..,..,..
Sweden,SWE,2024Q4,2024Q4,160404.5797,152140.2684,..,..,47761.71842,46254.85866,..,..,..,1583286,1641259,..,..,..,..,..,..,..,..,..,..,50795.57005,49737.15914,49186,48219.96348,0.967772536,0.9692652526,..,..,..,..,..,..,..,..,..
Sweden,SWE,2024Q3,2024Q3,159196.2412,154532.2502,..,..,45987.58721,48533.04981,..,..,..,1571359,1610131,..,..,..,..,..,..,..,..,..,..,45985.35052,50008.0204,46009,49811.09673,1.00070773,0.9963643196,..,..,..,..,..,..,..,..,..
Sweden,SWE,2024Q2,2024Q2,158195.1854,149671.5068,..,..,48268.53488,47372.91917,..,..,..,1561478,1599110,..,..,..,..,..,..,..,..,..,..,51041.17019,50277.28851,50651,49637.83552,0.9928431004,0.9878904659,..,..,..,..,..,..,..,..,..
Sweden,SWE,2024Q1,2024Q1,157915.2626,153933.3231,..,..,47016.8673,46979.6751,..,..,..,1558715,1598162,..,..,..,..,..,..,..,..,..,..,50290.24908,48132.15984,49835,48263.97993,0.9908716781,1.00273488,..,..,..,..,..,..,..,..,..
Sweden,SWE,2025M01,2025M01,..,..,..,..,14945.4839,15669.49899,..,..,11.09365217,..,..,324.869366,209.3003144,131.7203737,131.9066958,..,0.9174974715,138.8384575,138.9539344,11.09365217,11.09365217,16997.57738,16774.64855,16320,16365.89804,0.9601368265,0.975632842,12089437989,..,3.453010191,..,..,86.54902234,..,54106.93969,9.940734626
Sweden,SWE,2025M02,2025M02,..,..,..,..,..,..,..,..,10.81165,..,..,339.4393083,224.4616479,..,..,..,1.271411339,139.0703684,139.7911872,10.81165,10.81165,..,..,..,..,..,..,..,..,..,..,..,..,..,53640.29292,8.905306083
Sweden,SWE,2025,2025,..,..,..,..,..,..,..,..,10.7035879,..,..,331.831764,221.7524871,131.7203737,131.9066958,..,1.024690937,138.9544129,139.3725608,10.7035879,10.7035879,..,..,..,..,0.9601368265,0.975632842,..,..,..,..,..,..,..,..,9.423020355
Slovak Republic,SVK,2025Q1,2025Q1,..,..,..,..,..,..,..,..,..,..,..,..,..,..,..,..,..,..,..,..,..,..,..,..,..,..,..,..,..,..,..,..,..,..,..,..
Slovak Republic,SVK,2025M03,2025M03,..,..,..,..,..,..,..,..,27.93346154,..,..,124.1350081,93.69851526,..,..,..,..,..,..,0.9271290698,27.93346154,..,..,..,..,..,..,..,..,..,..,..,..,..,..,..
Slovak Republic,SVK,2024Q4,2024Q4,32264.49707,35395.59037,34402.5055,35391.96145,30057.62,28802.92435,0.8482923558,0.8368679725,..,26051.37507,33195.06627,..,..,..,..,..,..,..,..,..,..,34.10457553,33.79741537,29.975246,29.65168625,0.8774733743,0.8769408387,..,..,..,..,..,..,..,..,..
Slovak Republic,SVK,2024Q3,2024Q3,31986.72566,35494.82727,34048.51805,31597.91721,27458.53,29385.67817,0.8687431375,0.8630688971,..,25827.09365,32304.45435,..,..,..,..,..,..,..,..,..,..,30.59445767,32.58234131,27.922258,29.66522659,0.9126181951,0.9104886415,..,..,..,..,..,..,..,..,..
Slovak Republic,SVK,2024Q2,2024Q2,32013.0214,34761.46229,33155.47739,33216.02158,28140.723,28139.86703,0.8471824405,0.8487755857,..,25848.32566,32291.70816,..,..,..,..,..,..,..,..,..,..,32.34933232,32.46369344,29.282797,28.7821125,0.9051967335,0.8867321991,..,..,..,..,..,..,..,..,..
Slovak Republic,SVK,2024Q1,2024Q1,32055.62878,34920.95281,30789.08578,31181.93181,26605.955,26062.20546,0.8532707587,0.8468908086,..,25882.72821,32150.20116,..,..,..,..,..,..,..,..,..,..,31.20959228,31.03593935,28.41309,27.62486478,0.9104223323,0.8902311407,..,..,..,..,..,..,..,..,..
Slovak Republic,SVK,2025M01,2025M01,..,..,..,..,..,..,..,..,29.11108696,..,..,125.1266973,90.81467913,149.2193919,149.3837305,..,3.85114669,160.7501674,160.026738,0.9663879698,29.11108696,..,..,..,..,..,..,2698229243,2820026246,..,..,..,..,..,14404.98064,4.96
Slovak Republic,SVK,2025M02,2025M02,..,..,..,..,..,..,..,..,28.93805,..,..,123.8404737,90.40763123,149.9589154,149.9589154,..,3.753235548,161.0850636,160.6951872,0.9604865469,28.93805,..,..,..,..,..,..,..,..,..,..,..,..,..,14393.22606,..
Slovak Republic,SVK,2025,2025,..,..,..,..,..,..,..,..,28.66086616,..,..,124.367393,91.6402752,149.5891537,149.6713229,..,2.876106195,160.9176155,160.3609626,0.9513345288,28.66086616,..,..,..,..,..,..,..,..,..,..,..,..,..,..,4.96
Ukraine,UKR,2025Q1,2025Q1,..,..,..,..,..,..,..,..,..,..,..,..,..,..,..,..,..,..,..,..,..,..,..,..,..,..,..,..,..,..,..,..,..,..,..,..
Ukraine,UKR,2025M03,2025M03,..,..,..,..,..,..,..,..,41.47104167,..,..,81.68377917,15.90067947,..,..,..,..,..,..,41.47104167,41.47104167,..,..,..,..,..,..,..,..,..,..,..,..,..,..,..
Ukraine,UKR,2024Q4,2024Q4,..,..,..,..,19499.1,17062.9,..,..,..,..,..,..,..,..,..,..,..,..,..,..,..,..,..,10894.5,10081.4585,..,..,..,..,..,..,..,..,..,..,..
Ukraine,UKR,2024Q3,2024Q3,24818.00288,..,..,..,17890.3,17496,..,..,..,1062973.226,..,..,..,..,..,..,..,..,..,..,..,..,..,9915.6,10520.73641,..,..,..,..,..,..,..,..,..,..,..
Ukraine,UKR,2024Q2,2024Q2,25200.86839,..,..,..,17262.9,19612.9,..,..,..,1079371.636,..,..,..,..,..,..,..,..,..,..,..,..,..,10227.7,10889.42438,..,..,..,..,..,..,..,..,..,..,..
Ukraine,UKR,2024Q1,2024Q1,24786.01626,..,..,..,16098.9,16911,..,..,..,1061603.216,..,..,..,..,..,..,..,..,..,..,..,..,..,10695.3,10346.49473,..,..,..,..,..,..,..,..,..,..,..
Ukraine,UKR,2025M01,2025M01,..,..,..,..,..,..,..,..,42.08502174,..,..,82.0060034,15.72700897,..,..,..,..,..,..,42.08502174,42.08502174,..,..,..,..,..,..,..,..,..,..,..,..,..,43009.64,..
Ukraine,UKR,2025M02,2025M02,..,..,..,..,..,..,..,..,41.6496,..,..,81.45781242,15.78506521,..,..,..,..,..,..,41.6496,41.6496,..,..,..,..,..,..,..,..,..,..,..,..,..,40145.47,..
Ukraine,UKR,2025,2025,..,..,..,..,..,..,..,..,41.73522114,..,..,81.715865,15.80425122,..,..,..,..,..,..,41.73522114,41.73522114,..,..,..,..,..,..,..,..,..,..,..,..,..,..,..
,,,,,,,,,,,,,,,,,,,,,,,,,,,,,,,,,,,,,,,
,,,,,,,,,,,,,,,,,,,,,,,,,,,,,,,,,,,,,,,
,,,,,,,,,,,,,,,,,,,,,,,,,,,,,,,,,,,,,,,
Data from database: Global Economic Monitor (GEM),,,,,,,,,,,,,,,,,,,,,,,,,,,,,,,,,,,,,,,
Last Updated: 03/21/2025,,,,,,,,,,,,,,,,,,,,,,,,,,,,,,,,,,,,,,,